<?xml version="1.0" encoding="UTF-8"?>
<launch4jConfig>
  <dontWrapJar>false</dontWrapJar>
  <headerType>gui</headerType>
  <jar>C:\Users\a\Documents\Projects\8hour\8hour.jar</jar>
  <outfile>C:\Users\a\Documents\Projects\8hour\8hour.exe</outfile>
  <errTitle></errTitle>
  <cmdLine></cmdLine>
  <chdir>.</chdir>
  <priority>normal</priority>
  <downloadUrl></downloadUrl>
  <supportUrl></supportUrl>
  <stayAlive>false</stayAlive>
  <restartOnCrash>false</restartOnCrash>
  <manifest></manifest>
  <icon></icon>
  <classPath>
    <mainClass>org.eclipse.jdt.internal.jarinjarloader.JarRsrcLoader</mainClass>
    <cp>.</cp>
  </classPath>
  <jre>
    <path>jre</path>
    <requiresJdk>false</requiresJdk>
    <requires64Bit>false</requires64Bit>
    <minVersion>1.8.0</minVersion>
    <maxVersion></maxVersion>
  </jre>
</launch4jConfig>